ASSET_ID,ROOT_ID,platform,item_no,text_first_120,PESTO,objection_decision_tag,commercial_job,funnel_stage,format,CTA,destination,evergreen_status,gate_authority,gate_curiosity,gate_perceived_outcome,gate_icp_relevance,antislop_human_source_or_evidence,antislop_specific_proof_or_example,claims_guarantee,claims_invented_proof,claims_unverifiable_figure,claims_monthly,claims_broken_link,recommendation,reason,suggested_rewrite,calendar_slot,status
TL-RT01-X1,TL-RT01,X,X-1,"Most B2B founders don't need “more content.” They need a system that extracts what they know, packages it for the rig...",O,OBJ-VOLUME,Belief/POV,TOF,contrarian,none in post (profile carries CTA),profile link -> threadlinehq.com/how-it-works (not live until D-02),EVERGREEN,weak,weak,pass,pass,no (doctrine-derived draft),partial,no,no,no,no,no,REWRITE,Stock 'don't need more content' opener; no concrete detail a buyer recognises,"The expertise is usually already there: in proposals, call notes and the answer you give on every second call. What's missing is a way to get it out, shape it for one buyer and learn from who replies.",Day 1,drafted; owner review pending
TL-RT02-X2,TL-RT02,X,X-2,"If posting more is your default prescription, you haven't diagnosed the constraint yet.",O,OBJ-VOLUME,Nurture/objection,MOF,contrarian,none in post (profile carries CTA),profile link -> threadlinehq.com/how-it-works (not live until D-02),EVERGREEN,weak,pass,weak,weak,no (doctrine-derived draft),no,no,no,no,no,no,REWRITE,"Three weak gates; names no constraint, so no perceived outcome","If 'post more' is the first prescription, nobody has asked the harder question: is the idea weak, the packaging wrong, or the buyer not in the room?",Day 5,drafted; owner review pending
TL-RT03-X3,TL-RT03,X,X-3,"A content calendar tells you what goes live. A content operating system tells you why it exists, what happened, and w...",E,DEC-MEASURE,Methodology/competence,TOF,framework,none in post (profile carries CTA),profile link -> threadlinehq.com/how-it-works (not live until D-02),EVERGREEN,pass,pass,pass,weak,partial (describes Threadline's own method),yes,no,no,no,no,no,APPROVE,Clear mechanism in two sentences; planned pinned post,,Day 2,drafted; owner review pending
TL-RT04-X4,TL-RT04,X,X-4,"The strongest founder content usually begins inside a sales call: a recurring objection, a costly misconception, or a...",E,OBJ-EXPERTISE,Methodology/competence,TOF,observation,none in post (profile carries CTA),profile link -> threadlinehq.com/how-it-works (not live until D-02),EVERGREEN,pass,pass,pass,pass,no (doctrine-derived draft),yes,no,no,no,no,no,APPROVE,All four gates pass; names three concrete source types,,Day 4,drafted; owner review pending
TL-RT05-X5,TL-RT05,X,X-5,One idea should not become five identical posts. It should become five native expressions built for five different co...,E,DEC-PLATFORM,Methodology/competence,TOF,contrarian,none in post (profile carries CTA),profile link -> threadlinehq.com/how-it-works (not live until D-02),EVERGREEN,pass,pass,pass,weak,partial (describes Threadline's own method),partial,no,no,no,no,no,APPROVE,"Clear distinction; watch the 'not X, it is Y' pattern across the batch",,Day 8,drafted; owner review pending
TL-RT06-X6,TL-RT06,X,X-6,"“We got 50,000 views” is not a commercial case study. Who watched? What changed? What did the business learn?",O,OBJ-PROOF,Nurture/objection,MOF,question,none in post (profile carries CTA),profile link -> threadlinehq.com/how-it-works (not live until D-02),EVERGREEN,pass,pass,weak,pass,no (doctrine-derived draft),yes,no,no,"FLAG: hypothetical quoted figure (F-05); never post near the site's 100m+/10,000+ figures",no,no,APPROVE,"Strong hook and ICP fit; illustrative figure is a quote, not a claim (F-05 conditions)",,Day 6,drafted; owner review pending
TL-RT07-X7,TL-RT07,X,X-7,"The founder should talk, record, approve and sell. The machine around those actions should not live in the founder's...",O,OBJ-TIME,Nurture/objection,MOF,one-liner,none in post (profile carries CTA),profile link -> threadlinehq.com/how-it-works (not live until D-02),EVERGREEN,pass,pass,pass,pass,partial (describes Threadline's own method),yes,no,no,no,no,no,APPROVE,Canonical division of labour; carries no time figure (F-07),,Day 9,drafted; owner review pending
TL-RT01-X8,TL-RT01,X,X-8,"Great expertise often looks average online because it is trapped in calls, proposals, internal notes and years of pat...",E,OBJ-EXPERTISE,Belief/POV,TOF,observation,none in post (profile carries CTA),profile link -> threadlinehq.com/how-it-works (not live until D-02),EVERGREEN,pass,pass,weak,pass,no (doctrine-derived draft),yes,no,no,no,no,no,APPROVE,Names where expertise is trapped; mirrors the site's visibility-gap argument,,held back,drafted; owner review pending
TL-RT09-X9,TL-RT09,X,X-9,Your first batch of content is not supposed to prove you have cracked the algorithm. It is supposed to reveal what yo...,O,OBJ-TRIED,Nurture/objection,MOF,contrarian,none in post (profile carries CTA),profile link -> threadlinehq.com/how-it-works (not live until D-02),EVERGREEN,pass,pass,pass,weak,no (doctrine-derived draft),partial,no,no,no,no,no,APPROVE,"Handles the 'we tried it, it didn't work' objection without promising an outcome",,Day 11,drafted; owner review pending
TL-RT08-X10,TL-RT08,X,X-10,Authority content is not “tips.” It is evidence of judgement.,O,OBJ-AGENCY,Belief/POV,TOF,one-liner,none in post (profile carries CTA),profile link -> threadlinehq.com/how-it-works (not live until D-02),EVERGREEN,pass,pass,weak,weak,no (doctrine-derived draft),no,no,no,no,no,no,REWRITE,"Abstract; shows no judgement itself, so it fails its own test (anti-slop)",A tip shows you know the topic. A judgement shows you know the buyer's situation: 'Transformation programmes fail before the technology is chosen.' Buyers hire for the second.,Day 3,drafted; owner review pending
TL-RT08-X11,TL-RT08,X,X-11,"Before publishing, ask four questions: Why should the buyer believe this? Why continue? What useful outcome is promis...",E,DEC-QUALITY,Implementation/demonstration,MOF,framework,none in post (profile carries CTA),profile link -> threadlinehq.com/how-it-works (not live until D-02),EVERGREEN,pass,weak,pass,weak,partial (describes Threadline's own method),yes,no,no,no,no,no,APPROVE,Usable checklist; demonstrates the four-part gate,,Day 10,drafted; owner review pending
TL-RT02-X12,TL-RT02,X,X-12,"More volume is useful only after the idea, positioning and packaging are strong enough to deserve repetition.",O,OBJ-VOLUME,Belief/POV,TOF,contrarian,none in post (profile carries CTA),profile link -> threadlinehq.com/how-it-works (not live until D-02),EVERGREEN,pass,weak,weak,weak,no (doctrine-derived draft),partial,no,no,no,no,no,REJECT,Repeats X-2 and LI-2 (TL-RT02) with less tension; keep only as a later recycle hook for X-2,,held back,drafted; owner review pending
TL-RT06-X13,TL-RT06,X,X-13,The wrong audience can make a post look successful while the business learns nothing.,O,DEC-MEASURE,Belief/POV,TOF,observation,none in post (profile carries CTA),profile link -> threadlinehq.com/how-it-works (not live until D-02),EVERGREEN,pass,pass,weak,weak,no (doctrine-derived draft),no,no,no,no,no,no,REWRITE,No example of the 'wrong audience' and no action for the reader,"A post can do well with peers, other marketers and people who will never buy, and teach the business nothing. Check who engaged before you count how many.",Day 12,drafted; owner review pending
TL-RT04-X14,TL-RT04,X,X-14,"Founder content compounds when each asset leaves behind market memory: a signal, an objection, a hook, a proof point...",E,DEC-MEASURE,Methodology/competence,MOF,list,none in post (profile carries CTA),profile link -> threadlinehq.com/how-it-works (not live until D-02),EVERGREEN,pass,weak,pass,pass,partial (describes Threadline's own method),yes,no,no,no,no,no,APPROVE,Concrete list of what an asset leaves behind,,Day 13,drafted; owner review pending
TL-RT09-X15,TL-RT09,X,X-15,"A weak post can fail because of the idea, the hook, the format, distribution or buyer mismatch. “Make a better video”...",E,OBJ-TRIED,Methodology/competence,MOF,list,none in post (profile carries CTA),profile link -> threadlinehq.com/how-it-works (not live until D-02),EVERGREEN,pass,pass,pass,weak,partial (describes Threadline's own method),yes,no,no,no,no,no,APPROVE,Specific diagnostic list; strong competence display,,Day 14,drafted; owner review pending
TL-RT04-X16,TL-RT04,X,X-16,The best research is not a folder of screenshots. It is a ranked set of buyer-relevant signals with provenance and a...,E,DEC-QUALITY,Methodology/competence,MOF,contrarian,none in post (profile carries CTA),profile link -> threadlinehq.com/how-it-works (not live until D-02),EVERGREEN,pass,weak,pass,weak,partial (describes Threadline's own method),yes,no,no,no,no,no,APPROVE,"Specific standard (ranked, provenance, decision)",,Day 13,drafted; owner review pending
TL-RT08-X17,TL-RT08,X,X-17,Your audience does not need every fact you know. It needs the few distinctions that change how it sees the problem.,O,OBJ-EXPERTISE,Belief/POV,TOF,one-liner,none in post (profile carries CTA),profile link -> threadlinehq.com/how-it-works (not live until D-02),EVERGREEN,pass,weak,pass,weak,no (doctrine-derived draft),no,no,no,no,no,no,REWRITE,Asks for distinctions but gives none,"Your audience doesn't need everything you know. It needs the two or three distinctions that change how it sees the problem, like the difference between a content calendar and a learning loop.",held back,drafted; owner review pending
TL-RT08-X18,TL-RT08,X,X-18,"Content should make outbound easier. A prospect who investigates you should find proof of thought, not a graveyard of...",O,OBJ-OUTBOUND,Belief/POV,MOF,observation,none in post (profile carries CTA),profile link -> threadlinehq.com/how-it-works (not live until D-02),EVERGREEN,pass,pass,pass,pass,no (doctrine-derived draft),yes,no,no,no,no,no,APPROVE,All gates pass; matches the launch model (content as the trust layer for outbound),,held back,drafted; owner review pending
TL-RT08-X19,TL-RT08,X,X-19,The goal is not to sound like a creator. It is to make expert judgement legible at scale.,O,OBJ-AGENCY,Belief/POV,TOF,contrarian,none in post (profile carries CTA),profile link -> threadlinehq.com/how-it-works (not live until D-02),EVERGREEN,pass,weak,weak,weak,no (doctrine-derived draft),no,no,no,no,no,no,REWRITE,'at scale' sits next to the banned phrase 'content at scale' (F-04),The goal is not to sound like a creator. It is to make expert judgement legible to the buyers who matter.,held back,drafted; owner review pending
TL-RT06-X20,TL-RT06,X,X-20,"A case study should separate measured facts, client-reported facts and inference. Trust dies when those categories blur.",E,OBJ-PROOF,Methodology/competence,MOF,framework,none in post (profile carries CTA),profile link -> threadlinehq.com/how-it-works (not live until D-02),EVERGREEN,pass,weak,pass,pass,partial (describes Threadline's own method),yes,no,no,no,no,no,APPROVE,Specific evidence classes; consistent with the site's observed/inferred/confirmed labels,,Day 12,drafted; owner review pending
TL-RT05-X21,TL-RT05,X,X-21,Repurposing is not clipping. It is translating one root thesis into the native language of each platform.,O,DEC-PLATFORM,Belief/POV,TOF,contrarian,none in post (profile carries CTA),profile link -> threadlinehq.com/how-it-works (not live until D-02),EVERGREEN,pass,pass,weak,weak,no (doctrine-derived draft),no,no,no,no,no,no,REWRITE,Same day and root as X-5 with less detail; needs an example to earn its slot,"Clipping cuts a 40-minute call into ten 30-second pieces. Translating takes the one argument in it and rebuilds it: a text argument for X, a question for Threads, a decision memo for LinkedIn.",Day 8,drafted; owner review pending
TL-RT03-X22,TL-RT03,X,X-22,The content machine is incomplete until there is a path from attention → trust → response → conversation → commercial...,E,DEC-MEASURE,Methodology/competence,MOF,framework,none in post (profile carries CTA),profile link -> threadlinehq.com/how-it-works (not live until D-02),EVERGREEN,pass,weak,pass,weak,partial (describes Threadline's own method),yes,no,no,no,no,no,APPROVE,Explicit path; mechanism display,,Day 7,drafted; owner review pending
TL-RT08-X23,TL-RT08,X,X-23,“Thought leadership” without a point of view is just formatted information.,O,OBJ-AGENCY,Belief/POV,TOF,one-liner,none in post (profile carries CTA),profile link -> threadlinehq.com/how-it-works (not live until D-02),EVERGREEN,pass,pass,weak,weak,no (doctrine-derived draft),no,no,no,no,no,no,REJECT,"Fifth abstract take on TL-RT08 (with X-10, X-17, X-19, X-25); widely used line, nothing only Threadline could say",,held back,drafted; owner review pending
TL-RT07-X24,TL-RT07,X,X-24,"If the founder must chase editors, rewrite every caption and remember every approval, the agency has outsourced produ...",O,OBJ-TIME,Nurture/objection,MOF,observation,none in post (profile carries CTA),profile link -> threadlinehq.com/how-it-works (not live until D-02),EVERGREEN,pass,pass,weak,pass,no (doctrine-derived draft),yes,no,no,no,no,no,APPROVE,Concrete founder pain; no time figure (F-07),,Day 9,drafted; owner review pending
TL-RT08-X25,TL-RT08,X,X-25,The highest-value content often says what the buyer is already experiencing but has not yet named clearly.,O,OBJ-EXPERTISE,Belief/POV,TOF,observation,none in post (profile carries CTA),profile link -> threadlinehq.com/how-it-works (not live until D-02),EVERGREEN,pass,weak,weak,weak,no (doctrine-derived draft),no,no,no,no,no,no,REWRITE,Three weak gates; the claim needs one named example to land,The posts that land often name something the buyer already feels but hasn't put into words: 'We have a method. It just isn't written down.' Find that sentence in your sales calls.,held back,drafted; owner review pending
TL-RT09-X26,TL-RT09,X,X-26,"Do not optimise a sales script after three uncomfortable calls. Log the objection, complete the sample, then change o...",E,DEC-MEASURE,Methodology/competence,MOF,framework,none in post (profile carries CTA),profile link -> threadlinehq.com/how-it-works (not live until D-02),EVERGREEN,pass,pass,pass,weak,partial (describes Threadline's own method),yes,no,no,no,no,no,APPROVE,Concrete operating rule; shows the change-one-variable discipline,,held back,drafted; owner review pending
TL-RT07-X27,TL-RT07,X,X-27,"A good client portal reduces decisions. It should make the next action obvious: record, approve or decide.",E,OBJ-TIME,Implementation/demonstration,MOF,framework,none in post (profile carries CTA),profile link -> threadlinehq.com/how-it-works (not live until D-02),EVERGREEN,pass,weak,pass,weak,partial (describes Threadline's own method),yes,no,FLAG: implies a client portal in use; no client uses it yet (F-06),no,no,no,REWRITE,"Implied product-in-use claim; make it about the process, not the portal","A good content process shrinks the founder's job to three moves: record, approve, decide. If it asks for more than that, it is handing work back to you.",held back,drafted; owner review pending
TL-RT05-X28,TL-RT05,X,X-28,"The content system should know the root idea behind every clip, post and article. Otherwise learning fragments across...",E,DEC-MEASURE,Methodology/competence,MOF,observation,none in post (profile carries CTA),profile link -> threadlinehq.com/how-it-works (not live until D-02),EVERGREEN,pass,weak,weak,weak,partial (describes Threadline's own method),partial,no,no,no,no,no,REWRITE,Three weak gates; state the practical consequence,"Tag every clip, post and article with the root idea it came from. Without that, you learn 'short video did well' instead of 'this argument did well'.",held back,drafted; owner review pending
TL-RT10-X29,TL-RT10,X,X-29,Publishing is not the end of the workflow. It is the point where the evidence begins.,O,DEC-MEASURE,Belief/POV,TOF,one-liner,none in post (profile carries CTA),profile link -> threadlinehq.com/how-it-works (not live until D-02),EVERGREEN,pass,pass,weak,weak,no (doctrine-derived draft),no,no,no,no,no,no,REWRITE,Duplicates TH-15/S-10 abstractly; give the reader one action,"Publishing is where the evidence starts. Before a piece goes out, write one line: who should respond, and how. Two weeks later, read it back.",Day 14,drafted; owner review pending
TL-RT06-X30,TL-RT06,X,X-30,"The honest promise is not virality. It is a disciplined system for turning expertise into authority, qualified attent...",O,OBJ-PROOF,Belief/POV,TOF,contrarian,none in post (profile carries CTA),profile link -> threadlinehq.com/how-it-works (not live until D-02),EVERGREEN,pass,weak,weak,weak,no (doctrine-derived draft),no,FLAG: 'promise ... qualified attention' reads as an outcome promise (F-03),no,no,no,no,REWRITE,Banned word family ('virality') and outcome-promise wording (F-03),The honest offer is not a big number. It is a disciplined system for turning expertise into authority and better decisions.,held back,drafted; owner review pending
TL-RT01-TH1,TL-RT01,Threads,TH-1,A lot of expert-led firms think they need more content. Usually they need a better extraction system. Their best thin...,O,OBJ-VOLUME,Belief/POV,TOF,observation,none in post (profile carries CTA),profile link -> threadlinehq.com/how-it-works (not live until D-02),EVERGREEN,pass,weak,weak,pass,no (doctrine-derived draft),yes,no,no,no,no,no,APPROVE,Names the buyer and where the expertise is trapped,,Day 1,drafted; owner review pending
TL-RT02-TH2,TL-RT02,Threads,TH-2,Posting more is not a strategy if you haven't diagnosed why the current content is failing. Sometimes the constraint...,E,OBJ-VOLUME,Methodology/competence,MOF,list,none in post (profile carries CTA),profile link -> threadlinehq.com/how-it-works (not live until D-02),EVERGREEN,pass,weak,pass,weak,no (doctrine-derived draft),yes,no,no,no,no,no,APPROVE,Gives the diagnosis X-2 lacks,,Day 5,drafted; owner review pending
TL-RT03-TH3,TL-RT03,Threads,TH-3,"A content calendar answers “what goes live?” A real operating system also answers: why this idea, for which buyer, wh...",E,DEC-MEASURE,Methodology/competence,TOF,framework,none in post (profile carries CTA),profile link -> threadlinehq.com/how-it-works (not live until D-02),EVERGREEN,pass,weak,pass,weak,partial (describes Threadline's own method),yes,no,no,no,no,no,APPROVE,Mechanism in one post; planned pinned post,,Day 2,drafted; owner review pending
TL-RT04-TH4,TL-RT04,Threads,TH-4,One of the best places to find content ideas is the sales call. If the same objection or misconception keeps appearin...,E,OBJ-EXPERTISE,Methodology/competence,TOF,observation,none in post (profile carries CTA),profile link -> threadlinehq.com/how-it-works (not live until D-02),EVERGREEN,pass,pass,pass,pass,no (doctrine-derived draft),yes,no,no,no,no,no,APPROVE,All gates pass; cut 'literally' at the human edit,,Day 4,drafted; owner review pending
TL-RT05-TH5,TL-RT05,Threads,TH-5,"Repurposing should not mean copying the same paragraph everywhere. Keep the root thesis. Change the hook, format, dep...",E,DEC-PLATFORM,Methodology/competence,TOF,framework,none in post (profile carries CTA),profile link -> threadlinehq.com/how-it-works (not live until D-02),EVERGREEN,pass,weak,pass,weak,partial (describes Threadline's own method),yes,no,no,no,no,no,APPROVE,"Specific levers (hook, format, depth, interaction)",,Day 8,drafted; owner review pending
TL-RT06-TH6,TL-RT06,Threads,TH-6,Big view counts can hide weak commercial performance. The useful questions are: Did the right buyers notice? Did they...,E,DEC-MEASURE,Methodology/competence,MOF,question,none in post (profile carries CTA),profile link -> threadlinehq.com/how-it-works (not live until D-02),EVERGREEN,pass,weak,pass,pass,no (doctrine-derived draft),yes,no,no,no,no,no,APPROVE,Gives buyers the questions to ask of any provider,,Day 6,drafted; owner review pending
TL-RT07-TH7,TL-RT07,Threads,TH-7,"The founder's job should be small and high-value: talk, record, approve, sell. If the founder is also chasing files a...",O,OBJ-TIME,Nurture/objection,MOF,observation,none in post (profile carries CTA),profile link -> threadlinehq.com/how-it-works (not live until D-02),EVERGREEN,pass,weak,pass,pass,partial (describes Threadline's own method),yes,no,no,no,no,no,APPROVE,Division of labour; no time figure (F-07),,Day 9,drafted; owner review pending
TL-RT08-TH8,TL-RT08,Threads,TH-8,"Expertise doesn't automatically look authoritative online. It has to be translated into visible judgement, useful dis...",E,OBJ-EXPERTISE,Methodology/competence,TOF,list,none in post (profile carries CTA),profile link -> threadlinehq.com/how-it-works (not live until D-02),EVERGREEN,pass,weak,pass,weak,no (doctrine-derived draft),yes,no,no,no,no,no,APPROVE,Names the four ingredients of visible authority,,Day 3,drafted; owner review pending
TL-RT09-TH9,TL-RT09,Threads,TH-9,Your first content batch is data collection. Don't call the whole strategy broken because ten posts didn't explode. D...,E,OBJ-TRIED,Nurture/objection,MOF,observation,none in post (profile carries CTA),profile link -> threadlinehq.com/how-it-works (not live until D-02),EVERGREEN,pass,weak,pass,weak,no (doctrine-derived draft),yes,no,no,no,no,no,APPROVE,Sets honest expectations; no outcome promised,,Day 11,drafted; owner review pending
TL-RT08-TH10,TL-RT08,Threads,TH-10,Authority content is not a stream of generic tips. It is proof that you see the problem more clearly than the buyer d...,O,OBJ-AGENCY,Belief/POV,TOF,contrarian,none in post (profile carries CTA),profile link -> threadlinehq.com/how-it-works (not live until D-02),EVERGREEN,pass,weak,pass,weak,no (doctrine-derived draft),partial,no,no,no,no,no,APPROVE,Better-developed form of X-10 (adds 'what to do next'),,Day 7,drafted; owner review pending
TL-RT08-TH11,TL-RT08,Threads,TH-11,"Before publishing anything, check four things: authority, curiosity, perceived outcome and ICP relevance. Miss one an...",E,DEC-QUALITY,Implementation/demonstration,MOF,framework,none in post (profile carries CTA),profile link -> threadlinehq.com/how-it-works (not live until D-02),EVERGREEN,pass,weak,pass,weak,partial (describes Threadline's own method),yes,no,no,no,no,no,APPROVE,"The four-part gate, usable as written",,Day 10,drafted; owner review pending
TL-RT06-TH12,TL-RT06,Threads,TH-12,The wrong audience can make a post look successful. A thousand views from peers and creators may be less valuable tha...,O,DEC-MEASURE,Belief/POV,TOF,contrarian,none in post (profile carries CTA),profile link -> threadlinehq.com/how-it-works (not live until D-02),EVERGREEN,pass,pass,weak,pass,no (doctrine-derived draft),yes,no,no,"FLAG: illustrative figures (F-05), hedged with 'may'",no,no,APPROVE,Concrete contrast; figures illustrative and hedged (F-05 conditions),,Day 12,drafted; owner review pending
TL-RT08-TH13,TL-RT08,Threads,TH-13,"The job is not to copy a popular creator's personality. Borrow the mechanism, then rebuild it around your buyer, evid...",O,OBJ-AGENCY,Belief/POV,TOF,contrarian,none in post (profile carries CTA),profile link -> threadlinehq.com/how-it-works (not live until D-02),EVERGREEN,pass,weak,pass,weak,no (doctrine-derived draft),partial,no,no,no,no,no,APPROVE,Distinct angle (mechanism over persona); held back in the calendar only for cadence,,held back,drafted; owner review pending
TL-RT05-TH14,TL-RT05,Threads,TH-14,A content workflow should preserve the root idea from research to script to platform expression to commercial respons...,E,DEC-MEASURE,Methodology/competence,MOF,framework,none in post (profile carries CTA),profile link -> threadlinehq.com/how-it-works (not live until D-02),EVERGREEN,pass,weak,pass,weak,partial (describes Threadline's own method),yes,no,no,no,no,no,APPROVE,Specific lineage chain,,Day 13,drafted; owner review pending
TL-RT10-TH15,TL-RT10,Threads,TH-15,Publishing is not the finish line. It is the start of the evidence loop: expected → actual → diagnose → change → retest.,E,DEC-MEASURE,Methodology/competence,MOF,framework,none in post (profile carries CTA),profile link -> threadlinehq.com/how-it-works (not live until D-02),EVERGREEN,pass,weak,pass,weak,partial (describes Threadline's own method),yes,no,no,no,no,no,APPROVE,Names the loop the site and product use,,Day 14,drafted; owner review pending
TL-RT01-LI1,TL-RT01,LinkedIn Company Page,LI-1,"Most expert-led firms are sitting on an invisible asset. Their strongest ideas live in delivery calls, proposals and...",O,OBJ-EXPERTISE,Belief/POV,TOF,observation,none in post (profile carries CTA),Company Page 'Visit website' button -> threadlinehq.com/how-it-works (not live until D-02),EVERGREEN,pass,pass,weak,pass,no (doctrine-derived draft),yes,no,no,no,no,no,APPROVE,Launch-day thesis; names buyer and where expertise sits,,Day 1,drafted; owner review pending
TL-RT02-LI2,TL-RT02,LinkedIn Company Page,LI-2,"More content can amplify the wrong thing. If positioning is unclear, volume spreads confusion. If the idea is weak, v...",O,OBJ-VOLUME,Belief/POV,TOF,contrarian,none in post (profile carries CTA),Company Page button (D-02),EVERGREEN,pass,pass,weak,weak,no (doctrine-derived draft),yes,no,no,no,no,no,APPROVE,Two concrete failure cases,,Day 5,drafted; owner review pending
TL-RT03-LI3,TL-RT03,LinkedIn Company Page,LI-3,A calendar is not a system. The minimum loop is evidence → idea → native expression → publication → commercial signal...,E,DEC-MEASURE,Methodology/competence,TOF,framework,none in post (profile carries CTA),Company Page button (D-02),EVERGREEN,pass,weak,pass,weak,partial (describes Threadline's own method),yes,no,no,no,no,no,APPROVE,The mechanism; planned pinned/featured post (pair with a loop diagram),,Day 7,drafted; owner review pending
TL-RT06-LI4,TL-RT06,LinkedIn Company Page,LI-4,"Views are an observation, not an outcome. Commercially useful content earns attention from the right people, increase...",O,DEC-MEASURE,Belief/POV,TOF,contrarian,none in post (profile carries CTA),Company Page button (D-02),EVERGREEN,pass,pass,weak,pass,no (doctrine-derived draft),yes,no,no,no,no,no,APPROVE,Defines useful outcomes without promising any,,Day 12,drafted; owner review pending
TL-RT07-LI5,TL-RT07,LinkedIn Company Page,LI-5,"The founder should not run production. The sustainable division of labour is simple: the founder talks, records, appr...",O,OBJ-TIME,Nurture/objection,MOF,framework,none in post (profile carries CTA),Company Page button (D-02),EVERGREEN,pass,pass,pass,pass,partial (describes Threadline's own method),yes,no,no,no,no,no,APPROVE,All gates pass; no time figure (F-07),,Day 9,drafted; owner review pending
TL-RT05-LI6,TL-RT05,LinkedIn Company Page,LI-6,"One root idea, several native expressions. A strong thesis can become a short video, a text argument, a diagram, a te...",E,DEC-PLATFORM,Methodology/competence,TOF,list,none in post (profile carries CTA),Company Page button (D-02),EVERGREEN,pass,weak,pass,weak,partial (describes Threadline's own method),yes,no,no,no,no,no,APPROVE,Concrete format list; held back only for cadence,,held back,drafted; owner review pending
TL-RT09-LI7,TL-RT09,LinkedIn Company Page,LI-7,The first batch is a test. Record what the system believed would work. Compare it with reality. Diagnose the failed a...,E,OBJ-TRIED,Methodology/competence,MOF,framework,none in post (profile carries CTA),Company Page button (D-02),EVERGREEN,pass,weak,pass,weak,partial (describes Threadline's own method),yes,no,no,no,no,no,APPROVE,Step-by-step method,,Day 14,drafted; owner review pending
TL-RT08-LI8,TL-RT08,LinkedIn Company Page,LI-8,Authority comes from judgement. Generic education is abundant. The scarcer asset is a clear distinction that helps a...,O,OBJ-AGENCY,Belief/POV,TOF,one-liner,none in post (profile carries CTA),Company Page button (D-02),EVERGREEN,pass,weak,weak,weak,no (doctrine-derived draft),no,no,no,no,no,no,REWRITE,Three weak gates; describes a distinction without making one,"Authority comes from judgement. Anyone can publish five tips on AI adoption. Fewer can say 'your pilot stalled because nobody owned the decision after it', and explain why. That kind of distinction helps a buyer see its own problem differently.",held back,drafted; owner review pending
TL-RT06-LI9,TL-RT06,LinkedIn Company Page,LI-9,"Proof needs evidence classes. Separate platform-measured results, client-reported commercial outcomes and responsible...",E,OBJ-PROOF,Methodology/competence,MOF,framework,none in post (profile carries CTA),Company Page button (D-02),EVERGREEN,pass,weak,pass,pass,partial (describes Threadline's own method),yes,no,no,no,no,no,APPROVE,Honest proof discipline; supports the case-study honesty script when prospects ask for results,,held back,drafted; owner review pending
TL-RT04-LI10,TL-RT04,LinkedIn Company Page,LI-10,"Content should compound into market memory. Every call, objection, asset and result should make the next strategy sha...",O,DEC-MEASURE,Belief/POV,TOF,observation,none in post (profile carries CTA),Company Page button (D-02),EVERGREEN,pass,weak,weak,weak,no (doctrine-derived draft),partial,no,no,no,no,no,REWRITE,Three weak gates; 'compound'/'renting attention' are stock phrases,"Every sales call leaves behind an objection. Every post leaves behind a result. If neither is written down, next quarter's content starts from a blank page again. Market memory is the habit of writing them down where the next brief can find them.",held back,drafted; owner review pending
TL-RT02-S1,TL-RT02,Short-form video (IG/TikTok/YT Shorts; reserve only),S-1,"Hook: Posting more can make your content problem worse. Body: If the real constraint is unclear positioning, weak ide...",O,OBJ-VOLUME,Belief/POV,TOF,short video (kinetic text / diagram),Follow Threadline for evidence-led founder content systems.,On-platform follow (profile),EVERGREEN,pass,pass,pass,weak,no (doctrine-derived draft),yes,no,no,no,no,no,APPROVE,Strong hook; body gives the five-part diagnosis,,not scheduled (needs recording),drafted; owner review pending
TL-RT03-S2,TL-RT03,Short-form video (IG/TikTok/YT Shorts; reserve only),S-2,Hook: This is why your content calendar never becomes an asset. Body: A calendar stops at publish. A system records t...,E,DEC-MEASURE,Methodology/competence,TOF,short video (diagram),See the loop at Threadline.,threadlinehq.com (no web record until D-02),EVERGREEN; CTA gated on D-02,pass,pass,pass,weak,partial (describes Threadline's own method),yes,no,no,no,no,"FLAG: CTA points to threadlinehq.com, which does not resolve yet (F-01, C-04)",REWRITE,Script is sound; CTA points at a destination that does not load,Keep hook and body. CTA: 'Follow Threadline to see the loop run.' Add the on-screen URL threadlinehq.com/how-it-works only after D-02 and a logged-out 200 check on phone and desktop.,not scheduled (needs recording),drafted; owner review pending
TL-RT08-S3,TL-RT08,Short-form video (IG/TikTok/YT Shorts; reserve only),S-3,Hook: Run these four checks before you publish. Body: Why should the buyer believe you? Why should they keep watching...,E,DEC-QUALITY,Implementation/demonstration,MOF,short video (checklist),Save this as your pre-publish check.,On-platform save,EVERGREEN,pass,pass,pass,weak,partial (describes Threadline's own method),yes,no,no,no,no,no,APPROVE,Most reusable script; first pin once video exists,,not scheduled (needs recording),drafted; owner review pending
TL-RT04-S4,TL-RT04,Short-form video (IG/TikTok/YT Shorts; reserve only),S-4,"Hook: Stop brainstorming. Open your sales-call notes. Body: Repeated objections, costly misconceptions and buyer ques...",E,OBJ-EXPERTISE,Implementation/demonstration,MOF,short video (screen recording / annotated notes),"Build from buyer language, not a blank page.",none (on-platform),EVERGREEN,pass,pass,pass,pass,partial (describes Threadline's own method),yes,no,no,no,no,no,APPROVE,All gates pass; demonstrable on screen with labelled demo notes,,not scheduled (needs recording),drafted; owner review pending
TL-RT06-S5,TL-RT06,Short-form video (IG/TikTok/YT Shorts; reserve only),S-5,"Hook: Fifty thousand views can teach a B2B firm nothing. Body: Ask who watched, whether the right buyer investigated,...",O,OBJ-PROOF,Nurture/objection,MOF,short video (kinetic text),"Measure buyer response, not applause.",none (on-platform),EVERGREEN,pass,pass,weak,pass,no (doctrine-derived draft),yes,no,no,"FLAG: illustrative figure; if shown on screen label 'Illustrative, not a client result' (F-05)",no,no,APPROVE,Strong hook; figure is illustrative and must be labelled on screen,,not scheduled (needs recording),drafted; owner review pending
TL-RT07-S6,TL-RT07,Short-form video (IG/TikTok/YT Shorts; reserve only),S-6,"Hook: If the founder is chasing editors, the content system has failed. Body: The founder's highest-value actions are...",O,OBJ-TIME,Nurture/objection,MOF,short video (hands-only whiteboard),"Reduce decisions, not just editing hours.",none (on-platform),EVERGREEN,pass,pass,pass,pass,partial (describes Threadline's own method),yes,no,no,no,no,no,APPROVE,All gates pass; do not add a time figure at edit (F-07),,not scheduled (needs recording),drafted; owner review pending
TL-RT05-S7,TL-RT05,Short-form video (IG/TikTok/YT Shorts; reserve only),S-7,Hook: Repurposing is not posting the same clip everywhere. Body: Keep the root thesis. Change the delivery: argument...,E,DEC-PLATFORM,Methodology/competence,TOF,short video (diagram),Trace every asset back to one root idea.,none (on-platform),EVERGREEN,pass,pass,pass,weak,partial (describes Threadline's own method),yes,no,no,no,no,no,APPROVE,Concrete per-platform mapping,,not scheduled (needs recording),drafted; owner review pending
TL-RT09-S8,TL-RT09,Short-form video (IG/TikTok/YT Shorts; reserve only),S-8,Hook: Your first ten posts are not a verdict. Body: They are a diagnostic sample. Record what you expected. Compare w...,E,OBJ-TRIED,Methodology/competence,MOF,short video (kinetic text),Treat content like evidence.,none (on-platform),EVERGREEN,pass,pass,pass,weak,partial (describes Threadline's own method),yes,no,no,no,no,no,APPROVE,Clear method; honest expectation-setting,,not scheduled (needs recording),drafted; owner review pending
TL-RT08-S9,TL-RT08,Short-form video (IG/TikTok/YT Shorts; reserve only),S-9,Hook: Buyers don't need another list of tips. Body: Information is abundant. Judgement is scarce. Show the distinctio...,O,OBJ-AGENCY,Belief/POV,TOF,short video (kinetic text),Teach the buyer how to see.,none (on-platform),EVERGREEN,pass,pass,weak,weak,no (doctrine-derived draft),partial,no,no,no,no,no,REWRITE,'Information is abundant. Judgement is scarce.' is a stock line; the video should show one judgement,"Hook: Buyers don't need another list of tips. Body: Here's the difference. A tip: 'post consistently.' A judgement: 'if a post gets reach but no replies from buyers, the idea may be fine and the audience wrong, so change distribution, not the idea.' Show the distinction you make and the mistake you can diagnose. CTA: Teach the buyer how to see.",not scheduled (needs recording),drafted; owner review pending
TL-RT10-S10,TL-RT10,Short-form video (IG/TikTok/YT Shorts; reserve only),S-10,Hook: Most content workflows end exactly where the useful part begins. Body: Publish is not the finish line. The loop...,E,DEC-MEASURE,Methodology/competence,MOF,short video (diagram),"Follow the loop, not the posting streak.",none (on-platform),EVERGREEN,pass,pass,pass,weak,partial (describes Threadline's own method),yes,no,no,no,no,no,APPROVE,Names the loop; good second pin,,not scheduled (needs recording),drafted; owner review pending
TL-RT01-YT1,TL-RT01,YouTube,YT-1,Why Founder-Led B2B Content Fails (Even When the Expertise Is Excellent). Promise: Diagnose the five failure points b...,E,OBJ-TRIED,Methodology/competence,MOF,long-form video (outline; labelled public-company teardown),Inspect the system / request a research conversation (only after site and booking pass QA),threadlinehq.com + research booking (Calendly 'Founder Research - 20 mins'),EVERGREEN; CTA gated on D-02 and booking QA,pass,pass,pass,weak,partial (describes Threadline's own method),yes (planned labelled teardown),no,no,no,no,"FLAG: site CTA dead until D-02; booking path not QA'd; 15 vs 20 minute call-length mismatch (F-08, T-11)",APPROVE,Outline is self-gated (CTA held until QA); teardown must stay labelled as analysis (F-09),,not scheduled (needs recording),drafted; owner review pending
